ЕО,Дата начала эксплуатации,Дата завершения эксплуатации,БЕ,Класс ЕО,Модель ЕО,Наименование ЕО,count
100000062379,2009-10-02,2023-02-01,Олимпиадинский ГОК,Самосвалы карьерные,Самосвалы CAT 785C,Самосвал карьерный 785C №411,1
100000062380,2011-05-20,2023-07-01,Олимпиадинский ГОК,Самосвалы карьерные,Самосвалы CAT 785C,Самосвал карьерный 785C №424,1
100000065606,2010-12-16,2023-07-01,Олимпиадинский ГОК,Самосвалы карьерные,Самосвалы CAT 785C,Самосвал карьерный 785C №501,1
100000065607,2010-12-16,2023-07-01,Олимпиадинский ГОК,Самосвалы карьерные,Самосвалы CAT 785C,Самосвал карьерный 785C №502,1
100000065608,2010-12-16,2023-07-01,Олимпиадинский ГОК,Самосвалы карьерные,Самосвалы CAT 785C,Самосвал карьерный 785C №503,1
100000065609,2010-12-31,2023-07-01,Олимпиадинский ГОК,Самосвалы карьерные,Самосвалы CAT 785C,Самосвал карьерный 785C №504,1
100000065611,2010-12-31,2023-07-01,Олимпиадинский ГОК,Самосвалы карьерные,Самосвалы CAT 785C,Самосвал карьерный 785C №505,1
100000065967,2011-05-20,2023-07-01,Олимпиадинский ГОК,Самосвалы карьерные,Самосвалы CAT 785C,Самосвал карьерный 785C №423,1
100000065612,2011-01-31,2023-07-01,Олимпиадинский ГОК,Самосвалы карьерные,Самосвалы CAT 785C,Самосвал карьерный 785C №506,1
100000065613,2011-01-31,2023-07-01,Олимпиадинский ГОК,Самосвалы карьерные,Самосвалы CAT 785C,Самосвал карьерный 785C №507,1
100000065614,2011-02-28,2023-07-01,Олимпиадинский ГОК,Самосвалы карьерные,Самосвалы CAT 785C,Самосвал карьерный 785C №508,1
100000065615,2011-02-18,2023-07-01,Олимпиадинский ГОК,Самосвалы карьерные,Самосвалы CAT 785C,Самосвал карьерный 785C №509,1
100000065616,2011-02-28,2023-07-01,Олимпиадинский ГОК,Самосвалы карьерные,Самосвалы CAT 785C,Самосвал карьерный 785C №510,1
100000065617,2011-02-28,2023-07-01,Олимпиадинский ГОК,Самосвалы карьерные,Самосвалы CAT 785C,Самосвал карьерный 785C №511,1
100000065618,2011-03-31,2023-07-01,Олимпиадинский ГОК,Самосвалы карьерные,Самосвалы CAT 785C,Самосвал карьерный 785C №512,1
100000065619,2011-03-31,2023-07-01,Олимпиадинский ГОК,Самосвалы карьерные,Самосвалы CAT 785C,Самосвал карьерный 785C №514,1
100000065620,2011-04-30,2023-07-01,Олимпиадинский ГОК,Самосвалы карьерные,Самосвалы CAT 785C,Самосвал карьерный 785C №515,1
100000065968,2011-04-30,2023-07-01,Олимпиадинский ГОК,Самосвалы карьерные,Самосвалы CAT 785C,Самосвал карьерный 785C №416,1
100000065969,2011-04-30,2023-07-01,Олимпиадинский ГОК,Самосвалы карьерные,Самосвалы CAT 785C,Самосвал карьерный 785C №417,1
100000065970,2011-04-30,2023-07-01,Олимпиадинский ГОК,Самосвалы карьерные,Самосвалы CAT 785C,Самосвал карьерный 785C №418,1
100000065971,2011-04-30,2023-07-01,Олимпиадинский ГОК,Самосвалы карьерные,Самосвалы CAT 785C,Самосвал карьерный 785C №419,1
100000065972,2011-04-30,2023-07-01,Олимпиадинский ГОК,Самосвалы карьерные,Самосвалы CAT 785C,Самосвал карьерный 785C №420,1
100000065974,2011-04-30,2023-07-01,Олимпиадинский ГОК,Самосвалы карьерные,Самосвалы CAT 785C,Самосвал карьерный 785C №422,1
100000065975,2011-05-26,2023-07-01,Олимпиадинский ГОК,Самосвалы карьерные,Самосвалы CAT 785C,Самосвал карьерный 785C №425,1
100000065622,2011-05-20,2023-07-01,Олимпиадинский ГОК,Самосвалы карьерные,Самосвалы CAT 785C,Самосвал карьерный 785C №516,1
100000065976,2011-07-31,2023-07-01,Олимпиадинский ГОК,Самосвалы карьерные,Самосвалы CAT 785C,Самосвал карьерный 785C №426,1
100000062381,2011-07-31,2023-07-01,Олимпиадинский ГОК,Самосвалы карьерные,Самосвалы CAT 785C,Самосвал карьерный 785C №427,1
100000062382,2011-07-31,2023-07-01,Олимпиадинский ГОК,Самосвалы карьерные,Самосвалы CAT 785C,Самосвал карьерный 785C №428,1
100000062383,2011-07-31,2023-07-01,Олимпиадинский ГОК,Самосвалы карьерные,Самосвалы CAT 785C,Самосвал карьерный 785C №429,1
100000062384,2011-08-22,2023-07-01,Олимпиадинский ГОК,Самосвалы карьерные,Самосвалы CAT 785C,Самосвал карьерный 785C №430,1
100000062385,2014-06-19,2025-07-01,Олимпиадинский ГОК,Самосвалы карьерные,Самосвалы CAT 785C,Самосвал карьерный 785C №445,1
100000062386,2014-06-19,2025-07-01,Олимпиадинский ГОК,Самосвалы карьерные,Самосвалы CAT 785C,Самосвал карьерный 785C №441,1
100000062387,2014-06-19,2025-07-01,Олимпиадинский ГОК,Самосвалы карьерные,Самосвалы CAT 785C,Самосвал карьерный 785C №444,1
100000062388,2014-06-19,2025-07-01,Олимпиадинский ГОК,Самосвалы карьерные,Самосвалы CAT 785C,Самосвал карьерный 785C №443,1
100000062389,2014-06-19,2025-07-01,Олимпиадинский ГОК,Самосвалы карьерные,Самосвалы CAT 785C,Самосвал карьерный 785C №442,1
100000062390,2013-07-31,2025-07-01,Олимпиадинский ГОК,Самосвалы карьерные,Самосвалы CAT 785C,Самосвал карьерный 785C №435,1
100000062391,2013-07-31,2025-07-01,Олимпиадинский ГОК,Самосвалы карьерные,Самосвалы CAT 785C,Самосвал карьерный 785C №431,1
100000062392,2013-07-31,2025-07-01,Олимпиадинский ГОК,Самосвалы карьерные,Самосвалы CAT 785C,Самосвал карьерный 785C №434,1
100000062393,2013-07-31,2025-07-01,Олимпиадинский ГОК,Самосвалы карьерные,Самосвалы CAT 785C,Самосвал карьерный 785C №432,1
100000062394,2013-07-31,2025-07-01,Олимпиадинский ГОК,Самосвалы карьерные,Самосвалы CAT 785C,Самосвал карьерный 785C №433,1
100000062395,2013-12-31,2025-07-01,Олимпиадинский ГОК,Самосвалы карьерные,Самосвалы CAT 785C,Самосвал карьерный 785C №436,1
100000062396,2013-12-13,2025-07-01,Олимпиадинский ГОК,Самосвалы карьерные,Самосвалы CAT 785C,Самосвал карьерный 785C №437,1
100000062397,2013-12-31,2025-07-01,Олимпиадинский ГОК,Самосвалы карьерные,Самосвалы CAT 785C,Самосвал карьерный 785C №438,1
100000062398,2013-12-13,2025-07-01,Олимпиадинский ГОК,Самосвалы карьерные,Самосвалы CAT 785C,Самосвал карьерный 785C №439,1
100000062399,2013-12-13,2025-07-01,Олимпиадинский ГОК,Самосвалы карьерные,Самосвалы CAT 785C,Самосвал карьерный 785C №440,1
100000065623,2013-12-13,2025-07-01,Олимпиадинский ГОК,Самосвалы карьерные,Самосвалы CAT 785C,Самосвал карьерный 785C №525,1
100000065624,2013-12-13,2025-07-01,Олимпиадинский ГОК,Самосвалы карьерные,Самосвалы CAT 785C,Самосвал карьерный 785C №524,1
100000065625,2013-12-31,2025-07-01,Олимпиадинский ГОК,Самосвалы карьерные,Самосвалы CAT 785C,Самосвал карьерный 785C №526,1
100000065626,2013-12-13,2025-07-01,Олимпиадинский ГОК,Самосвалы карьерные,Самосвалы CAT 785C,Самосвал карьерный 785C №523,1
100000065627,2013-12-31,2025-07-01,Олимпиадинский ГОК,Самосвалы карьерные,Самосвалы CAT 785C,Самосвал карьерный 785C №527,1
100000065628,2014-02-28,2025-07-01,Олимпиадинский ГОК,Самосвалы карьерные,Самосвалы CAT 785C,Самосвал карьерный 785C №528,1
100000065629,2021-07-03,2025-07-01,Олимпиадинский ГОК,Самосвалы карьерные,Самосвалы CAT 785C,Самосвал карьерный 785C №531,1
100000065630,2014-02-28,2025-07-01,Олимпиадинский ГОК,Самосвалы карьерные,Самосвалы CAT 785C,Самосвал карьерный 785C №529,1
100000065631,2014-02-28,2025-07-01,Олимпиадинский ГОК,Самосвалы карьерные,Самосвалы CAT 785C,Самосвал карьерный 785C №532,1
100000065632,2014-02-28,2025-07-01,Олимпиадинский ГОК,Самосвалы карьерные,Самосвалы CAT 785C,Самосвал карьерный 785C №530,1
100000065633,2014-03-06,2025-07-01,Олимпиадинский ГОК,Самосвалы карьерные,Самосвалы CAT 785C,Самосвал карьерный 785C №533,1
100000065634,2014-03-06,2025-07-01,Олимпиадинский ГОК,Самосвалы карьерные,Самосвалы CAT 785C,Самосвал карьерный 785C №534,1
100000065635,2014-03-06,2025-07-01,Олимпиадинский ГОК,Самосвалы карьерные,Самосвалы CAT 785C,Самосвал карьерный 785C №536,1
100000065636,2014-03-06,2025-07-01,Олимпиадинский ГОК,Самосвалы карьерные,Самосвалы CAT 785C,Самосвал карьерный 785C №535,1
100000065637,2012-07-05,2024-07-01,Олимпиадинский ГОК,Самосвалы карьерные,Самосвалы CAT 785C,Самосвал карьерный 785C №518,1
100000065638,2012-07-05,2024-07-01,Олимпиадинский ГОК,Самосвалы карьерные,Самосвалы CAT 785C,Самосвал карьерный 785C №520,1
100000065639,2012-07-05,2024-07-01,Олимпиадинский ГОК,Самосвалы карьерные,Самосвалы CAT 785C,Самосвал карьерный 785C №519,1
100000065640,2012-07-05,2024-07-01,Олимпиадинский ГОК,Самосвалы карьерные,Самосвалы CAT 785C,Самосвал карьерный 785C №517,1
100000065641,2012-09-30,2024-07-01,Олимпиадинский ГОК,Самосвалы карьерные,Самосвалы CAT 785C,Самосвал карьерный 785C №521,1
100000065643,2012-09-30,2024-07-01,Олимпиадинский ГОК,Самосвалы карьерные,Самосвалы CAT 785C,Самосвал карьерный 785C №522,1
100000065977,2016-08-10,2030-07-01,Олимпиадинский ГОК,Самосвалы карьерные,Самосвалы CAT 785C,Самосвал карьерный 785C №446,1
100000065978,2016-08-10,2030-07-01,Олимпиадинский ГОК,Самосвалы карьерные,Самосвалы CAT 785C,Самосвал карьерный 785C №447,1
100000065979,2016-08-10,2030-07-01,Олимпиадинский ГОК,Самосвалы карьерные,Самосвалы CAT 785C,Самосвал карьерный 785C №448,1
100000065980,2016-08-10,2030-07-01,Олимпиадинский ГОК,Самосвалы карьерные,Самосвалы CAT 785C,Самосвал карьерный 785C №449,1
100000065981,2016-08-10,2030-07-01,Олимпиадинский ГОК,Самосвалы карьерные,Самосвалы CAT 785C,Самосвал карьерный 785C №450,1
100000065514,2017-11-01,2030-01-01,Олимпиадинский ГОК,Самосвалы карьерные,Самосвалы CAT 793D,Самосвал карьерный 793D №701,1
100000065515,2017-11-03,2030-01-01,Олимпиадинский ГОК,Самосвалы карьерные,Самосвалы CAT 793D,Самосвал карьерный 793D №702,1
100000065516,2017-11-09,2030-01-01,Олимпиадинский ГОК,Самосвалы карьерные,Самосвалы CAT 793D,Самосвал карьерный 793D №703,1
100000065517,2017-11-30,2030-01-01,Олимпиадинский ГОК,Самосвалы карьерные,Самосвалы CAT 793D,Самосвал карьерный 793D №704,1
100000065518,2017-11-30,2030-01-01,Олимпиадинский ГОК,Самосвалы карьерные,Самосвалы CAT 793D,Самосвал карьерный 793D №705,1
100000065519,2018-02-26,2030-01-01,Олимпиадинский ГОК,Самосвалы карьерные,Самосвалы CAT 793D,Самосвал карьерный 793D №714,1
100000065520,2017-12-21,2030-01-01,Олимпиадинский ГОК,Самосвалы карьерные,Самосвалы CAT 793D,Самосвал карьерный 793D №706,1
100000065521,2017-12-18,2030-01-01,Олимпиадинский ГОК,Самосвалы карьерные,Самосвалы CAT 793D,Самосвал карьерный 793D №707,1
100000065523,2017-12-27,2030-01-01,Олимпиадинский ГОК,Самосвалы карьерные,Самосвалы CAT 793D,Самосвал карьерный 793D №708,1
100000065524,2018-01-31,2030-01-01,Олимпиадинский ГОК,Самосвалы карьерные,Самосвалы CAT 793D,Самосвал карьерный 793D №710,1
100000065525,2018-02-05,2030-01-01,Олимпиадинский ГОК,Самосвалы карьерные,Самосвалы CAT 793D,Самосвал карьерный 793D №709,1
100000065526,2018-02-09,2030-01-01,Олимпиадинский ГОК,Самосвалы карьерные,Самосвалы CAT 793D,Самосвал карьерный 793D №711,1
100000065527,2018-02-22,2030-01-01,Олимпиадинский ГОК,Самосвалы карьерные,Самосвалы CAT 793D,Самосвал карьерный 793D №712,1
100000065528,2018-04-10,2030-01-01,Олимпиадинский ГОК,Самосвалы карьерные,Самосвалы CAT 793D,Самосвал карьерный 793D №717,1
100000065529,2018-04-12,2030-01-01,Олимпиадинский ГОК,Самосвалы карьерные,Самосвалы CAT 793D,Самосвал карьерный 793D №715,1
100000065530,2018-04-25,2030-01-01,Олимпиадинский ГОК,Самосвалы карьерные,Самосвалы CAT 793D,Самосвал карьерный 793D №716,1
100000065531,2018-05-03,2030-01-01,Олимпиадинский ГОК,Самосвалы карьерные,Самосвалы CAT 793D,Самосвал карьерный 793D №718,1
100000065532,2018-05-11,2030-01-01,Олимпиадинский ГОК,Самосвалы карьерные,Самосвалы CAT 793D,Самосвал карьерный 793D №719,1
100000065535,2018-05-18,2030-01-01,Олимпиадинский ГОК,Самосвалы карьерные,Самосвалы CAT 793D,Самосвал карьерный 793D №720,1
100000065536,2018-05-24,2030-01-01,Олимпиадинский ГОК,Самосвалы карьерные,Самосвалы CAT 793D,Самосвал карьерный 793D №721,1
100000065537,2018-05-31,2030-01-01,Олимпиадинский ГОК,Самосвалы карьерные,Самосвалы CAT 793D,Самосвал карьерный 793D №722,1
100000065538,2018-06-25,2030-01-01,Олимпиадинский ГОК,Самосвалы карьерные,Самосвалы CAT 793D,Самосвал карьерный 793D №723,1
100000065539,2018-06-30,2030-01-01,Олимпиадинский ГОК,Самосвалы карьерные,Самосвалы CAT 793D,Самосвал карьерный 793D №724,1
100000065540,2018-07-16,2030-01-01,Олимпиадинский ГОК,Самосвалы карьерные,Самосвалы CAT 793D,Самосвал карьерный 793D №725,1
100000065541,2018-07-28,2030-01-01,Олимпиадинский ГОК,Самосвалы карьерные,Самосвалы CAT 793D,Самосвал карьерный 793D №726,1
100000065542,2018-08-02,2030-01-01,Олимпиадинский ГОК,Самосвалы карьерные,Самосвалы CAT 793D,Самосвал карьерный 793D №727,1
100000065543,2018-08-10,2030-01-01,Олимпиадинский ГОК,Самосвалы карьерные,Самосвалы CAT 793D,Самосвал карьерный 793D №728,1
100000065544,2018-08-17,2030-01-01,Олимпиадинский ГОК,Самосвалы карьерные,Самосвалы CAT 793D,Самосвал карьерный 793D №729,1
100000065546,2018-08-24,2030-01-01,Олимпиадинский ГОК,Самосвалы карьерные,Самосвалы CAT 793D,Самосвал карьерный 793D №730,1
100000065547,2018-09-03,2030-01-01,Олимпиадинский ГОК,Самосвалы карьерные,Самосвалы CAT 793D,Самосвал карьерный 793D №731,1
100000065548,2018-09-10,2030-01-01,Олимпиадинский ГОК,Самосвалы карьерные,Самосвалы CAT 793D,Самосвал карьерный 793D №732,1
100000065512,2018-09-15,2030-01-01,Олимпиадинский ГОК,Самосвалы карьерные,Самосвалы CAT 793D,Самосвал карьерный 793D №733,1
100000065513,2018-09-20,2030-01-01,Олимпиадинский ГОК,Самосвалы карьерные,Самосвалы CAT 793D,Самосвал карьерный 793D №734,1
100000065511,2018-09-30,2030-01-01,Олимпиадинский ГОК,Самосвалы карьерные,Самосвалы CAT 793D,Самосвал карьерный 793D №735,1
100000026804,2019-09-06,2030-01-01,Олимпиадинский ГОК,Самосвалы карьерные,Самосвалы CAT 793D,Самосвал карьерный 793D №736,1
100000026805,2019-10-01,2030-01-01,Олимпиадинский ГОК,Самосвалы карьерные,Самосвалы CAT 793D,Самосвал карьерный 793D №737,1
100000026806,2019-10-24,2030-01-01,Олимпиадинский ГОК,Самосвалы карьерные,Самосвалы CAT 793D,Самосвал карьерный 793D №738,1
100000026807,2019-11-06,2030-01-01,Олимпиадинский ГОК,Самосвалы карьерные,Самосвалы CAT 793D,Самосвал карьерный 793D №739,1
100000026808,2019-11-14,2030-01-01,Олимпиадинский ГОК,Самосвалы карьерные,Самосвалы CAT 793D,Самосвал карьерный 793D №740,1
100000026809,2019-11-23,2030-01-01,Олимпиадинский ГОК,Самосвалы карьерные,Самосвалы CAT 793D,Самосвал карьерный 793D №741,1
100000026810,2019-12-16,2030-01-01,Олимпиадинский ГОК,Самосвалы карьерные,Самосвалы CAT 793D,Самосвал карьерный 793D №742,1
100000036418,2019-12-21,2030-01-01,Олимпиадинский ГОК,Самосвалы карьерные,Самосвалы CAT 793D,Самосвал карьерный 793D №743,1
100000036420,2020-01-01,2030-01-01,Олимпиадинский ГОК,Самосвалы карьерные,Самосвалы CAT 793D,Самосвал карьерный 793D №744,1
100000036421,2020-01-03,2030-01-01,Олимпиадинский ГОК,Самосвалы карьерные,Самосвалы CAT 793D,Самосвал карьерный 793D №745,1
100000054847,2020-10-06,2030-01-01,Олимпиадинский ГОК,Самосвалы карьерные,Самосвалы CAT 793D,Самосвал карьерный 793D №746,1
100000054846,2020-10-08,2030-01-01,Олимпиадинский ГОК,Самосвалы карьерные,Самосвалы CAT 793D,Самосвал карьерный 793D №747,1
100000054848,2020-10-11,2030-01-01,Олимпиадинский ГОК,Самосвалы карьерные,Самосвалы CAT 793D,Самосвал карьерный 793D №748,1
100000054849,2020-10-19,2030-01-01,Олимпиадинский ГОК,Самосвалы карьерные,Самосвалы CAT 793D,Самосвал карьерный 793D №749,1
100000054851,2020-10-29,2030-01-01,Олимпиадинский ГОК,Самосвалы карьерные,Самосвалы CAT 793D,Самосвал карьерный 793D №751,1
100000054850,2020-11-12,2030-01-01,Олимпиадинский ГОК,Самосвалы карьерные,Самосвалы CAT 793D,Самосвал карьерный 793D №750,1
100000054852,2020-11-20,2030-01-01,Олимпиадинский ГОК,Самосвалы карьерные,Самосвалы CAT 793D,Самосвал карьерный 793D №752,1
100000054853,2020-11-23,2030-01-01,Олимпиадинский ГОК,Самосвалы карьерные,Самосвалы CAT 793D,Самосвал карьерный 793D №753,1
100000054854,2020-11-28,2030-01-01,Олимпиадинский ГОК,Самосвалы карьерные,Самосвалы CAT 793D,Самосвал карьерный 793D №754,1
100000054855,2020-12-07,2030-01-01,Олимпиадинский ГОК,Самосвалы карьерные,Самосвалы CAT 793D,Самосвал карьерный 793D №755,1
100000054856,2020-12-11,2030-01-01,Олимпиадинский ГОК,Самосвалы карьерные,Самосвалы CAT 793D,Самосвал карьерный 793D №756,1
100000054857,2020-12-18,2030-01-01,Олимпиадинский ГОК,Самосвалы карьерные,Самосвалы CAT 793D,Самосвал карьерный 793D №757,1
100000054858,2020-12-25,2030-01-01,Олимпиадинский ГОК,Самосвалы карьерные,Самосвалы CAT 793D,Самосвал карьерный 793D №758,1
100000054859,2021-01-15,2030-01-01,Олимпиадинский ГОК,Самосвалы карьерные,Самосвалы CAT 793D,Самосвал карьерный 793D №759,1
100000054860,2021-02-01,2030-01-01,Олимпиадинский ГОК,Самосвалы карьерные,Самосвалы CAT 793D,Самосвал карьерный 793D №760,1
100000054861,2021-02-08,2030-01-01,Олимпиадинский ГОК,Самосвалы карьерные,Самосвалы CAT 793D,Самосвал карьерный 793D №761,1
100000054978,2021-05-03,2030-01-01,Олимпиадинский ГОК,Самосвалы карьерные,Самосвалы CAT 793D,Самосвал карьерный 793D №762,1
100000054979,2021-05-04,2030-01-01,Олимпиадинский ГОК,Самосвалы карьерные,Самосвалы CAT 793D,Самосвал карьерный 793D №763,1
100000054980,2021-05-10,2030-01-01,Олимпиадинский ГОК,Самосвалы карьерные,Самосвалы CAT 793D,Самосвал карьерный 793D №764,1
100000054981,2021-05-21,2030-01-01,Олимпиадинский ГОК,Самосвалы карьерные,Самосвалы CAT 793D,Самосвал карьерный 793D №765,1
100000054982,2021-07-20,2030-01-01,Олимпиадинский ГОК,Самосвалы карьерные,Самосвалы CAT 793D,Самосвал карьерный 793D №766,1
100000054983,2021-07-25,2030-01-01,Олимпиадинский ГОК,Самосвалы карьерные,Самосвалы CAT 793D,Самосвал карьерный 793D №767,1
100000054984,2021-08-05,2030-01-01,Олимпиадинский ГОК,Самосвалы карьерные,Самосвалы CAT 793D,Самосвал карьерный 793D №768,1
100000054985,2021-08-11,2030-01-01,Олимпиадинский ГОК,Самосвалы карьерные,Самосвалы CAT 793D,Самосвал карьерный 793D №769,1
100000054986,2021-08-19,2030-01-01,Олимпиадинский ГОК,Самосвалы карьерные,Самосвалы CAT 793D,Самосвал карьерный 793D №770,1
100000054987,2021-08-27,2030-01-01,Олимпиадинский ГОК,Самосвалы карьерные,Самосвалы CAT 793D,Самосвал карьерный 793D №771,1
100000054988,2021-09-06,2030-01-01,Олимпиадинский ГОК,Самосвалы карьерные,Самосвалы CAT 793D,Самосвал карьерный 793D №772,1
100000054989,2021-09-09,2030-01-01,Олимпиадинский ГОК,Самосвалы карьерные,Самосвалы CAT 793D,Самосвал карьерный 793D №773,1
100000054990,2021-09-18,2030-01-01,Олимпиадинский ГОК,Самосвалы карьерные,Самосвалы CAT 793D,Самосвал карьерный 793D №774,1
100000054991,2021-09-19,2030-01-01,Олимпиадинский ГОК,Самосвалы карьерные,Самосвалы CAT 793D,Самосвал карьерный 793D №775,1
100000054992,2021-10-06,2030-01-01,Олимпиадинский ГОК,Самосвалы карьерные,Самосвалы CAT 793D,Самосвал карьерный 793D №776,1
100000054993,2021-10-09,2030-01-01,Олимпиадинский ГОК,Самосвалы карьерные,Самосвалы CAT 793D,Самосвал карьерный 793D №777,1
100000054994,2021-10-16,2030-01-01,Олимпиадинский ГОК,Самосвалы карьерные,Самосвалы CAT 793D,Самосвал карьерный 793D №778,1
100000054995,2021-11-05,2030-01-01,Олимпиадинский ГОК,Самосвалы карьерные,Самосвалы CAT 793D,Самосвал карьерный 793D №779,1
100000054996,2021-12-04,2030-01-01,Олимпиадинский ГОК,Самосвалы карьерные,Самосвалы CAT 793D,Самосвал карьерный 793D №780,1
100000008673,2017-12-12,2030-01-01,Полюс Вернинское,Самосвалы карьерные,Самосвалы CAT 785C,Самосвал карьерный 785C №1619,1
100000008674,2017-12-12,2030-01-01,Полюс Вернинское,Самосвалы карьерные,Самосвалы CAT 785C,Самосвал карьерный 785C №1620,1
100000054997,2023-02-01,2030-01-01,Олимпиадинский ГОК,Самосвалы карьерные,Самосвалы CAT 793D,Самосвал карьерный 793D №781,1
100000054998,2023-02-01,2030-01-01,Олимпиадинский ГОК,Самосвалы карьерные,Самосвалы CAT 793D,Самосвал карьерный 793D №782,1
100000054999,2023-02-01,2030-01-01,Олимпиадинский ГОК,Самосвалы карьерные,Самосвалы CAT 793D,Самосвал карьерный 793D №783,1
100000084396,2018-03-16,2030-03-16,Полюс Магадан,Самосвалы карьерные,Самосвалы Komatsu 730E-8,Самосвал карьерный 730E-8 №13,1
100000084397,2018-03-16,2030-03-16,Полюс Магадан,Самосвалы карьерные,Самосвалы Komatsu 730E-8,Самосвал карьерный 730E-8 №14,1
100000084398,2018-04-23,2030-04-23,Полюс Магадан,Самосвалы карьерные,Самосвалы Komatsu 730E-8,Самосвал карьерный 730E-8 №15,1
100000084399,2018-04-23,2030-04-23,Полюс Магадан,Самосвалы карьерные,Самосвалы Komatsu 730E-8,Самосвал карьерный 730E-8 №16,1
100000084402,2018-05-30,2030-05-30,Полюс Магадан,Самосвалы карьерные,Самосвалы Komatsu 730E-8,Самосвал карьерный 730E-8 №19,1
100000084403,2018-05-30,2030-05-30,Полюс Магадан,Самосвалы карьерные,Самосвалы Komatsu 730E-8,Самосвал карьерный 730E-8 №20,1
100000084400,2018-04-23,2030-04-23,Полюс Магадан,Самосвалы карьерные,Самосвалы Komatsu 730E-8,Самосвал карьерный 730E-8 №17,1
100000084401,2018-04-23,2030-04-23,Полюс Магадан,Самосвалы карьерные,Самосвалы Komatsu 730E-8,Самосвал карьерный 730E-8 №18,1
100000084404,2018-05-30,2030-05-30,Полюс Магадан,Самосвалы карьерные,Самосвалы Komatsu 730E-8,Самосвал карьерный 730E-8 №21,1
100000084405,2018-05-30,2030-05-30,Полюс Магадан,Самосвалы карьерные,Самосвалы Komatsu 730E-8,Самосвал карьерный 730E-8 №22,1
100000084406,2018-06-30,2030-06-30,Полюс Магадан,Самосвалы карьерные,Самосвалы Komatsu 730E-8,Самосвал карьерный 730E-8 №23,1
100000084407,2018-06-30,2030-06-30,Полюс Магадан,Самосвалы карьерные,Самосвалы Komatsu 730E-8,Самосвал карьерный 730E-8 №24,1
100000084408,2018-06-30,2030-06-30,Полюс Магадан,Самосвалы карьерные,Самосвалы Komatsu 730E-8,Самосвал карьерный 730E-8 №25,1
100000084409,2018-07-31,2030-07-31,Полюс Магадан,Самосвалы карьерные,Самосвалы Komatsu 730E-8,Самосвал карьерный 730E-8 №26,1
100000084410,2018-07-31,2030-07-31,Полюс Магадан,Самосвалы карьерные,Самосвалы Komatsu 730E-8,Самосвал карьерный 730E-8 №27,1
100000084411,2018-07-31,2030-07-31,Полюс Магадан,Самосвалы карьерные,Самосвалы Komatsu 730E-8,Самосвал карьерный 730E-8 №28,1
100000084412,2018-09-10,2030-09-10,Полюс Магадан,Самосвалы карьерные,Самосвалы Komatsu 730E-8,Самосвал карьерный 730E-8 №29,1
sl_730_1,2024-09-01,2034-09-01,Сухой Лог,Самосвалы карьерные,Самосвалы Komatsu 730E-8,Самосвал карьерный 730E-8 №1 (для расчета),1
sl_730_2,2024-09-01,2034-09-01,Сухой Лог,Самосвалы карьерные,Самосвалы Komatsu 730E-8,Самосвал карьерный 730E-8 №2 (для расчета),1
sl_730_3,2024-09-01,2034-09-01,Сухой Лог,Самосвалы карьерные,Самосвалы Komatsu 730E-8,Самосвал карьерный 730E-8 №3 (для расчета),1
sl_730_4,2024-09-01,2034-09-01,Сухой Лог,Самосвалы карьерные,Самосвалы Komatsu 730E-8,Самосвал карьерный 730E-8 №4 (для расчета),1
sl_730_5,2024-09-01,2034-09-01,Сухой Лог,Самосвалы карьерные,Самосвалы Komatsu 730E-8,Самосвал карьерный 730E-8 №5 (для расчета),1
sl_730_6,2024-09-01,2034-09-01,Сухой Лог,Самосвалы карьерные,Самосвалы Komatsu 730E-8,Самосвал карьерный 730E-8 №6 (для расчета),1
sl_730_7,2024-09-01,2034-09-01,Сухой Лог,Самосвалы карьерные,Самосвалы Komatsu 730E-8,Самосвал карьерный 730E-8 №7 (для расчета),1
sl_730_8,2024-09-01,2034-09-01,Сухой Лог,Самосвалы карьерные,Самосвалы Komatsu 730E-8,Самосвал карьерный 730E-8 №8 (для расчета),1
sl_730_9,2024-09-01,2034-09-01,Сухой Лог,Самосвалы карьерные,Самосвалы Komatsu 730E-8,Самосвал карьерный 730E-8 №9 (для расчета),1
sl_730_10,2024-09-01,2034-09-01,Сухой Лог,Самосвалы карьерные,Самосвалы Komatsu 730E-8,Самосвал карьерный 730E-8 №10(для расчета),1
sl_730_11,2024-09-01,2034-09-01,Сухой Лог,Самосвалы карьерные,Самосвалы Komatsu 730E-8,Самосвал карьерный 730E-8 №11 (для расчета),1
sl_730_12,2024-09-01,2034-09-01,Сухой Лог,Самосвалы карьерные,Самосвалы Komatsu 730E-8,Самосвал карьерный 730E-8 №12 (для расчета),1
sl_730_13,2024-09-01,2034-09-01,Сухой Лог,Самосвалы карьерные,Самосвалы Komatsu 730E-8,Самосвал карьерный 730E-8 №13 (для расчета),1
sl_730_14,2024-09-01,2034-09-01,Сухой Лог,Самосвалы карьерные,Самосвалы Komatsu 730E-8,Самосвал карьерный 730E-8 №14 (для расчета),1
sl_730_15,2025-01-01,2035-01-01,Сухой Лог,Самосвалы карьерные,Самосвалы Komatsu 730E-8,Самосвал карьерный 730E-8 №15 (для расчета),1
sl_730_16,2025-01-01,2035-01-01,Сухой Лог,Самосвалы карьерные,Самосвалы Komatsu 730E-8,Самосвал карьерный 730E-8 №16 (для расчета),1
sl_730_17,2025-01-01,2035-01-01,Сухой Лог,Самосвалы карьерные,Самосвалы Komatsu 730E-8,Самосвал карьерный 730E-8 №17 (для расчета),1
sl_730_18,2025-01-01,2035-01-01,Сухой Лог,Самосвалы карьерные,Самосвалы Komatsu 730E-8,Самосвал карьерный 730E-8 №18 (для расчета),1
sl_730_19,2025-01-01,2035-01-01,Сухой Лог,Самосвалы карьерные,Самосвалы Komatsu 730E-8,Самосвал карьерный 730E-8 №19 (для расчета),1
sl_730_20,2025-01-01,2035-01-01,Сухой Лог,Самосвалы карьерные,Самосвалы Komatsu 730E-8,Самосвал карьерный 730E-8 №20 (для расчета),1
sl_730_21,2025-01-01,2035-01-01,Сухой Лог,Самосвалы карьерные,Самосвалы Komatsu 730E-8,Самосвал карьерный 730E-8 №21 (для расчета),1
sl_730_22,2025-01-01,2035-01-01,Сухой Лог,Самосвалы карьерные,Самосвалы Komatsu 730E-8,Самосвал карьерный 730E-8 №22 (для расчета),1
sl_730_23,2025-01-01,2035-01-01,Сухой Лог,Самосвалы карьерные,Самосвалы Komatsu 730E-8,Самосвал карьерный 730E-8 №23 (для расчета),1
sl_730_24,2025-01-01,2035-01-01,Сухой Лог,Самосвалы карьерные,Самосвалы Komatsu 730E-8,Самосвал карьерный 730E-8 №24 (для расчета),1
sl_730_25,2025-01-01,2035-01-01,Сухой Лог,Самосвалы карьерные,Самосвалы Komatsu 730E-8,Самосвал карьерный 730E-8 №25 (для расчета),1
sl_730_26,2025-01-01,2035-01-01,Сухой Лог,Самосвалы карьерные,Самосвалы Komatsu 730E-8,Самосвал карьерный 730E-8 №26 (для расчета),1
sl_730_27,2025-01-01,2035-01-01,Сухой Лог,Самосвалы карьерные,Самосвалы Komatsu 730E-8,Самосвал карьерный 730E-8 №27 (для расчета),1
sl_730_28,2025-01-01,2035-01-01,Сухой Лог,Самосвалы карьерные,Самосвалы Komatsu 730E-8,Самосвал карьерный 730E-8 №28 (для расчета),1
sl_730_29,2025-01-01,2035-01-01,Сухой Лог,Самосвалы карьерные,Самосвалы Komatsu 730E-8,Самосвал карьерный 730E-8 №29 (для расчета),1
sl_730_30,2025-07-01,2035-07-01,Сухой Лог,Самосвалы карьерные,Самосвалы Komatsu 730E-8,Самосвал карьерный 730E-8 №30 (для расчета),1
sl_730_31,2025-07-01,2035-07-01,Сухой Лог,Самосвалы карьерные,Самосвалы Komatsu 730E-8,Самосвал карьерный 730E-8 №31 (для расчета),1
sl_730_32,2025-07-01,2035-07-01,Сухой Лог,Самосвалы карьерные,Самосвалы Komatsu 730E-8,Самосвал карьерный 730E-8 №32 (для расчета),1
sl_730_33,2025-07-01,2035-07-01,Сухой Лог,Самосвалы карьерные,Самосвалы Komatsu 730E-8,Самосвал карьерный 730E-8 №33 (для расчета),1
sl_730_34,2025-07-01,2035-07-01,Сухой Лог,Самосвалы карьерные,Самосвалы Komatsu 730E-8,Самосвал карьерный 730E-8 №34 (для расчета),1
sl_730_35,2025-07-01,2035-07-01,Сухой Лог,Самосвалы карьерные,Самосвалы Komatsu 730E-8,Самосвал карьерный 730E-8 №35 (для расчета),1
sl_730_36,2025-07-01,2035-07-01,Сухой Лог,Самосвалы карьерные,Самосвалы Komatsu 730E-8,Самосвал карьерный 730E-8 №36 (для расчета),1
sl_730_37,2025-07-01,2035-07-01,Сухой Лог,Самосвалы карьерные,Самосвалы Komatsu 730E-8,Самосвал карьерный 730E-8 №37 (для расчета),1
sl_730_38,2025-07-01,2035-07-01,Сухой Лог,Самосвалы карьерные,Самосвалы Komatsu 730E-8,Самосвал карьерный 730E-8 №38 (для расчета),1
sl_730_39,2025-07-01,2035-07-01,Сухой Лог,Самосвалы карьерные,Самосвалы Komatsu 730E-8,Самосвал карьерный 730E-8 №39 (для расчета),1
sl_730_40,2025-07-01,2035-07-01,Сухой Лог,Самосвалы карьерные,Самосвалы Komatsu 730E-8,Самосвал карьерный 730E-8 №40 (для расчета),1
sl_730_41,2025-07-01,2035-07-01,Сухой Лог,Самосвалы карьерные,Самосвалы Komatsu 730E-8,Самосвал карьерный 730E-8 №41 (для расчета),1
sl_730_42,2025-07-01,2035-07-01,Сухой Лог,Самосвалы карьерные,Самосвалы Komatsu 730E-8,Самосвал карьерный 730E-8 №42 (для расчета),1
sl_730_43,2025-07-01,2035-07-01,Сухой Лог,Самосвалы карьерные,Самосвалы Komatsu 730E-8,Самосвал карьерный 730E-8 №43 (для расчета),1
sl_730_44,2025-07-01,2035-07-01,Сухой Лог,Самосвалы карьерные,Самосвалы Komatsu 730E-8,Самосвал карьерный 730E-8 №44 (для расчета),1
sl_730_45,2026-01-01,2036-01-01,Сухой Лог,Самосвалы карьерные,Самосвалы Komatsu 730E-8,Самосвал карьерный 730E-8 №45 (для расчета),1
sl_730_46,2026-01-01,2036-01-01,Сухой Лог,Самосвалы карьерные,Самосвалы Komatsu 730E-8,Самосвал карьерный 730E-8 №46 (для расчета),1
sl_730_47,2026-01-01,2036-01-01,Сухой Лог,Самосвалы карьерные,Самосвалы Komatsu 730E-8,Самосвал карьерный 730E-8 №47 (для расчета),1
sl_730_48,2026-01-01,2036-01-01,Сухой Лог,Самосвалы карьерные,Самосвалы Komatsu 730E-8,Самосвал карьерный 730E-8 №48 (для расчета),1
sl_730_49,2026-01-01,2036-01-01,Сухой Лог,Самосвалы карьерные,Самосвалы Komatsu 730E-8,Самосвал карьерный 730E-8 №49 (для расчета),1
sl_730_50,2026-01-01,2036-01-01,Сухой Лог,Самосвалы карьерные,Самосвалы Komatsu 730E-8,Самосвал карьерный 730E-8 №50 (для расчета),1
sl_730_51,2026-01-01,2036-01-01,Сухой Лог,Самосвалы карьерные,Самосвалы Komatsu 730E-8,Самосвал карьерный 730E-8 №51 (для расчета),1
sl_730_52,2026-01-01,2036-01-01,Сухой Лог,Самосвалы карьерные,Самосвалы Komatsu 730E-8,Самосвал карьерный 730E-8 №52 (для расчета),1
sl_730_53,2026-01-01,2036-01-01,Сухой Лог,Самосвалы карьерные,Самосвалы Komatsu 730E-8,Самосвал карьерный 730E-8 №53 (для расчета),1
sl_730_54,2027-01-01,2037-01-01,Сухой Лог,Самосвалы карьерные,Самосвалы Komatsu 730E-8,Самосвал карьерный 730E-8 №54 (для расчета),1
sl_730_55,2027-01-01,2037-01-01,Сухой Лог,Самосвалы карьерные,Самосвалы Komatsu 730E-8,Самосвал карьерный 730E-8 №55 (для расчета),1
sl_730_56,2027-01-01,2037-01-01,Сухой Лог,Самосвалы карьерные,Самосвалы Komatsu 730E-8,Самосвал карьерный 730E-8 №56 (для расчета),1
sl_730_57,2027-01-01,2037-01-01,Сухой Лог,Самосвалы карьерные,Самосвалы Komatsu 730E-8,Самосвал карьерный 730E-8 №57 (для расчета),1
sl_730_58,2027-01-01,2037-01-01,Сухой Лог,Самосвалы карьерные,Самосвалы Komatsu 730E-8,Самосвал карьерный 730E-8 №58 (для расчета),1
sl_730_59,2027-01-01,2037-01-01,Сухой Лог,Самосвалы карьерные,Самосвалы Komatsu 730E-8,Самосвал карьерный 730E-8 №59 (для расчета),1
sl_730_60,2027-01-01,2037-01-01,Сухой Лог,Самосвалы карьерные,Самосвалы Komatsu 730E-8,Самосвал карьерный 730E-8 №60 (для расчета),1
sl_730_61,2032-01-01,2042-01-01,Сухой Лог,Самосвалы карьерные,Самосвалы Komatsu 730E-8,Самосвал карьерный 730E-8 №61 (для расчета),1
sl_730_62,2032-01-01,2042-01-01,Сухой Лог,Самосвалы карьерные,Самосвалы Komatsu 730E-8,Самосвал карьерный 730E-8 №62 (для расчета),1
